customer_id,full_name,email,city,signup_date
C00001,Aryan Maharaj,udantdewan@example.net,Bongaigaon,2023-12-05
C00002,Azad Balan,kamdarviraj@example.net,Kishanganj,2024-04-02
C00003,Thomas Sen,abeer26@example.com,Bhatpara,2024-04-20
C00004,Harsh Chanda,wchatterjee@example.com,Varanasi,2025-10-20
C00005,Kritika Brar,janaki93@example.net,Ranchi,2025-08-08
C00006,Fariq Kaul,raiarunima@example.com,Ujjain,2024-10-02
C00007,Amara Bora,yashgade@example.com,Gopalpur,2026-07-24
C00008,Ekta Bhalla,azadmutti@example.com,Amritsar,2024-04-15
C00009,Simon Tata,jshanker@example.com,Shahjahanpur,2025-11-06
C00010,Priya Rastogi,theodore28@example.com,Nashik,2026-03-09
C00011,Nathaniel Sami,rajanlakshmi@example.net,Dehri,2024-05-29
C00012,Ishwar Yadav,harini14@example.com,Malda,2023-09-07
C00013,Xiti Gokhale,misrayashica@example.net,Jamnagar,2024-10-06
C00014,Aadi Naik,hbahl@example.com,Mathura,2023-11-04
C00015,Frederick Sunder,waliajeremiah@example.org,Jamalpur,2024-02-27
C00016,Siddharth Zacharia,devikarastogi@example.net,Bahraich,2026-04-19
C00017,Jai Kota,devanshnigam@example.org,Giridih,2024-04-25
C00018,Daniel Karnik,balayganga@example.org,Alwar,2025-08-17
C00019,Kevin Solanki,urvashiray@example.org,Jalandhar,2025-08-06
C00020,Pallavi Roy,rbhagat@example.net,Ghaziabad,2024-11-06
C00021,Ikbal Kothari,ranveeryadav@example.com,Bhusawal,2024-03-17
C00022,Zaid Borra,dchaudhari@example.net,Tiruchirappalli,2026-05-18
C00023,Ojas Ray,nsrivastava@example.com,Dehradun,2024-10-11
C00024,Alka Sha,pallavi87@example.org,Sagar,2024-04-23
C00025,Darsh Murthy,bedivansha@example.net,Howrah,2026-06-24
C00026,Quincy Biswas,keernetra@example.org,Adoni,2025-05-29
C00027,Oni Virk,advika35@example.org,Tenali,2024-01-21
C00028,Tanvi Mutti,andratara@example.net,Srinagar,2025-03-30
C00029,Kevin Palla,kondakala@example.com,Bahraich,2026-02-08
C00030,Abhiram Mistry,desaiaishani@example.org,Begusarai,2024-02-16
C00031,Shivansh Oza,aishanitiwari@example.com,Faridabad,2023-12-11
C00032,Aradhana Basu,nathkalpit@example.net,Nanded,2025-11-02
C00033,Aditya Choudhury,dixitbalendra@example.com,Chinsurah,2024-01-17
C00034,Janya Baral,shivansh31@example.com,Udupi,2025-11-10
C00035,Nicholas Goel,lbakshi@example.net,Bulandshahr,2026-01-06
C00036,Amara Dutta,rajabalvan@example.com,Kollam,2026-01-21
C00037,Inaya Mody,udantbajwa@example.net,Silchar,2024-08-18
C00038,Arya Panchal,vyadav@example.org,Bhilwara,2024-03-12
C00039,Balvan Chopra,upai@example.com,Medininagar,2026-07-19
C00040,Lekha Gupta,chaitanya60@example.net,Bharatpur,2024-12-06
C00041,Dipta Dash,yashica46@example.com,Sagar,2025-04-17
C00042,Osha Raghavan,charviravi@example.net,Avadi,2024-07-05
C00043,Ekanta Shroff,rsathe@example.org,Gulbarga,2025-08-06
C00044,Yutika Nayak,keerdayita@example.org,Siliguri,2023-09-30
C00045,Vaishnavi Bora,osachdeva@example.net,Yamunanagar,2025-02-12
C00046,Manbir Ahluwalia,sandaltheodore@example.org,Dhanbad,2025-04-20
C00047,Tanmayi Deol,jwali@example.net,Mango,2025-06-18
C00048,Sanaya Dutt,qsengupta@example.org,Saharsa,2025-02-01
C00049,Anvi Sarraf,mangalwahab@example.com,Imphal,2026-04-12
C00050,Lakshit Dora,leeladua@example.net,Rajkot,2024-11-19
C00051,Unnati Sagar,jhaveriosha@example.com,Ramgarh,2024-10-13
C00052,Indira Misra,isaini@example.net,Morbi,2024-04-24
C00053,Vedika Balakrishnan,qnayar@example.net,Dehradun,2026-02-15
C00054,Avi Ramesh,chackopriya@example.org,South Dumdum,2023-10-27
C00055,Falak Kakar,vnarain@example.com,Bidar,2024-05-29
C00056,Upma Bahl,pallaudarsh@example.net,Thane,2025-11-16
C00057,Ryan Bahri,williamdate@example.com,Phusro,2026-06-10
C00058,Aahana Pillay,ishwargade@example.com,Adoni,2023-10-01
C00059,Keya Ranganathan,faqidkibe@example.org,Ghaziabad,2026-01-09
C00060,Idika Walia,eprabhakar@example.net,Ahmedabad,2026-02-25
C00061,Hitesh Sant,tripti26@example.org,Tadepalligudem,2026-01-12
C00062,Udyati Sarin,ekantika31@example.com,Latur,2025-11-12
C00063,Gayathri Balakrishnan,lnair@example.com,Raichur,2026-01-01
C00064,Ati Majumdar,varugheserayaan@example.org,Vellore,2025-02-05
C00065,Vamakshi Swaminathan,fbadal@example.com,Machilipatnam,2025-09-10
C00066,Jyoti Solanki,pavani85@example.com,Gopalpur,2024-07-26
C00067,Jai Hans,jagdish82@example.org,Karawal Nagar,2024-06-24
C00068,Harish Hari,utkarsh52@example.com,Deoghar,2024-01-16
C00069,Chatura Master,vrittichauhan@example.org,Nandyal,2025-01-26
C00070,Qarin Behl,vanya11@example.com,Srinagar,2025-05-11
C00071,Max Dixit,frederick31@example.net,Medininagar,2025-05-31
C00072,Lajita Seshadri,lmishra@example.com,Jehanabad,2025-06-27
C00073,Sarthak Kakar,finn23@example.org,Sangli-Miraj & Kupwad,2023-09-06
C00074,Upma Manne,katabhavya@example.net,Malda,2023-11-18
C00075,Aishani Hora,icontractor@example.org,Shimoga,2026-02-01
C00076,Darpan Gandhi,bhavya71@example.com,Sambhal,2026-06-04
C00077,Raksha Buch,sankaranekantika@example.net,Indore,2023-12-10
C00078,Amruta Baria,upmavenkataraman@example.net,Alwar,2024-03-15
C00079,Vyanjana Chand,apall@example.com,Vasai-Virar,2026-03-06
C00080,Nisha Tandon,nandini80@example.com,Satna,2024-05-30
C00081,Netra Varkey,shereodika@example.org,Kadapa,2024-09-23
C00082,Riya Behl,amaradeep@example.com,Shivpuri,2024-01-11
C00083,Nathan Mukhopadhyay,reddygirik@example.org,Surendranagar Dudhrej,2026-06-09
C00084,Wishi Manne,ojasvi77@example.org,Suryapet,2024-02-05
C00085,Yashoda Deshpande,majumdaroeshi@example.com,Delhi,2024-07-01
C00086,Vrishti Dixit,eyohannan@example.com,Suryapet,2025-11-25
C00087,Tamanna Nagy,williamrajagopal@example.org,Varanasi,2024-08-08
C00088,Lakshmi Raju,warhibansal@example.org,Salem,2026-03-23
C00089,Harish Vora,uaurora@example.org,Bhatpara,2023-11-22
C00090,Hamsini Rao,narasimhanlajita@example.com,Hosur,2023-10-12
C00091,Wahab Mani,gautamsaraf@example.org,Raiganj,2024-02-28
C00092,Ayush Batra,daksh45@example.com,Ulhasnagar,2024-05-21
C00093,Pranit Garde,farhanraja@example.net,Mehsana,2026-05-04
C00094,Vincent Shenoy,tripti40@example.com,Bongaigaon,2024-02-19
C00095,Hemani Mistry,dkrishna@example.com,Yamunanagar,2026-03-01
C00096,Warjas Raj,chakrika40@example.net,Panipat,2023-09-12
C00097,Watika Mangat,indirakanda@example.net,Udupi,2024-05-28
C00098,Gunbir Baral,ridhi09@example.com,Mysore,2026-04-30
C00099,Ojasvi Gill,kevinzacharia@example.com,Dehradun,2024-06-03
C00100,Chakrika Nigam,sidhufaqid@example.org,Sikar,2026-07-01
C00101,Gautam Rana,lallajatin@example.com,Firozabad,2025-05-19
C00102,Hritik Kaur,nbakshi@example.net,Phagwara,2024-04-26
C00103,Ucchal Mittal,idada@example.org,Avadi,2026-07-31
C00104,Gunbir Keer,lipikasetty@example.com,Dharmavaram,2025-11-03
C00105,Oeshi Chaudhary,rreddy@example.org,Bellary,2024-12-19
C00106,Janani Chaudhary,jagrati06@example.com,Bhilai,2026-06-11
C00107,Gavin Kala,bedigauri@example.org,Buxar,2024-04-09
C00108,Tarak Kaul,manbir90@example.com,Bikaner,2025-04-01
C00109,Imaran Bal,alexanderparmar@example.org,Pune,2024-03-07
C00110,Jonathan Sama,bhattvamakshi@example.com,Anand,2025-05-28
C00111,Yahvi Kant,vermacharvi@example.com,Ghaziabad,2026-08-03
C00112,Pooja Chokshi,esawhney@example.org,Narasaraopet,2024-02-09
C00113,Anvi Nair,swali@example.com,Navi Mumbai,2025-12-27
C00114,Tanveer Sani,akari@example.com,Silchar,2024-11-20
C00115,Dhriti Sane,aadhya52@example.net,Jabalpur,2023-12-10
C00116,Girik Sankaran,pradhankalpit@example.net,Dharmavaram,2026-06-19
C00117,Jason Roy,pallavi04@example.net,Nagercoil,2023-12-23
C00118,Mohammed Subramaniam,hritikpalla@example.net,Raipur,2025-11-24
C00119,Pushti Bal,ayush24@example.net,Sonipat,2024-09-12
C00120,Luke Rattan,dharazaan@example.org,Gandhinagar,2024-11-24
C00121,Nakul Pingle,ekta99@example.org,Bhatpara,2024-02-18
C00122,Finn Magar,fsamra@example.net,Vijayanagaram,2024-06-21
C00123,Hemani Sani,mandervidhi@example.net,Ranchi,2024-04-26
C00124,Abhimanyu Jayaraman,siddharth24@example.com,Jamshedpur,2023-09-12
C00125,Parth Dayal,twalia@example.org,Madurai,2024-10-31
C00126,Rajata Bahl,ubrahmbhatt@example.net,Chapra,2024-11-08
C00127,Bimala Contractor,ubail@example.org,Mirzapur,2023-12-06
C00128,Yagnesh Sarin,fviswanathan@example.com,Sonipat,2024-04-27
C00129,Faraj Uppal,waliyashvi@example.org,Etawah,2025-10-18
C00130,Warinder Chauhan,aahanahora@example.org,Aurangabad,2024-03-10
C00131,Ucchal Sen,diya27@example.org,Mango,2025-07-08
C00132,Daksh Pandey,mukherjeetriya@example.com,Howrah,2024-10-01
C00133,Faraj Chana,lshere@example.net,Hospet,2026-04-30
C00134,Ekanta Soni,davidseshadri@example.org,Guwahati,2025-02-22
C00135,Balveer Kota,hsarna@example.net,Bharatpur,2024-10-05
C00136,Lila Rege,charles51@example.com,Proddatur,2025-08-27
C00137,Zayyan Doctor,finn92@example.com,Katni,2024-01-19
C00138,Dayita Puri,joshua81@example.net,Danapur,2024-09-23
C00139,Dayamai Gole,haritasunder@example.org,Durgapur,2024-02-16
C00140,Harrison Tripathi,nayarkaran@example.net,Jamnagar,2024-02-23
C00141,Raksha Bassi,rpatla@example.net,Raiganj,2025-06-15
C00142,Vivaan Walla,dayamaisingh@example.org,Aurangabad,2026-07-19
C00143,Baghyawati Raja,medwin@example.net,Chandrapur,2023-10-29
C00144,Kamya Chauhan,manefiyaz@example.org,Hospet,2026-04-26
C00145,Rajeshri Chand,shravyapalla@example.org,Meerut,2024-10-30
C00146,Warinder Raju,prasadudarsh@example.org,Navi Mumbai,2026-02-14
C00147,Madhav Devan,mangaturmi@example.net,Nandyal,2024-12-25
C00148,Fariq Bahl,tanveer28@example.net,Bhubaneswar,2025-12-09
C00149,Charvi Dara,khareoni@example.net,Rajkot,2023-12-31
C00150,Amol Varma,maanasmanne@example.com,Srikakulam,2024-09-14
C00151,Rachit Chada,ekansh88@example.net,Pali,2026-03-22
C00152,Lila Prakash,amol51@example.com,Vasai-Virar,2025-12-04
C00153,Kiaan Basu,hamsini27@example.net,South Dumdum,2026-01-16
C00154,Tanvi Bansal,saksham03@example.org,Tirupati,2025-03-06
C00155,Zehaan Bansal,bhavikaparikh@example.org,Darbhanga,2024-01-14
C00156,Rajeshri Ratta,vraju@example.org,Mehsana,2024-09-29
C00157,Fitan Samra,sanipranit@example.net,Pondicherry,2023-12-22
C00158,Chakrika Mohan,ksandhu@example.net,Etawah,2024-12-23
C00159,Radhika Maharaj,bordenidra@example.com,Ludhiana,2024-02-03
C00160,Bakhshi Date,keerjeevika@example.com,Tezpur,2023-10-08
C00161,Shivani Prabhakar,sachi19@example.org,Sikar,2024-08-04
C00162,Zaid Comar,grewalxalak@example.net,Kishanganj,2024-01-07
C00163,Sanaya Kala,vritti31@example.org,Bidhannagar,2024-03-06
C00164,Gagan Nagarajan,dhruv88@example.com,Sangli-Miraj & Kupwad,2025-10-01
C00165,Janaki Trivedi,jairajiyer@example.org,Kumbakonam,2023-10-02
C00166,Unni Dayal,bhattidayamai@example.com,Hajipur,2024-11-14
C00167,Ethan Dass,ethan77@example.net,Warangal,2026-03-27
C00168,Kai Sant,dashzarna@example.org,Dehradun,2024-02-23
C00169,Hiral Venkataraman,farhan43@example.net,Cuttack,2025-07-01
C00170,Yadavi Ganguly,onveernazareth@example.net,Bhopal,2023-11-29
C00171,Shivansh Saha,tankbimala@example.net,Karawal Nagar,2024-05-22
C00172,Chameli Setty,bhasinnakul@example.com,Karawal Nagar,2025-01-11
C00173,Maanas Munshi,hemani62@example.com,Imphal,2024-05-18
C00174,Amara Sengupta,lohitchatterjee@example.org,Yamunanagar,2026-03-13
C00175,Yuvraj Dutta,dhriti32@example.com,Panchkula,2026-03-29
C00176,Arin Chana,dtiwari@example.org,Ballia,2024-09-14
C00177,Baghyawati Talwar,imangal@example.org,Chinsurah,2024-01-24
C00178,Jasmit Rau,chakradev60@example.net,Mirzapur,2025-04-15
C00179,Libni Thaman,nmammen@example.net,Warangal,2026-07-09
C00180,Kashvi Nori,maanas39@example.net,Orai,2023-10-16
C00181,Laksh Nath,dvenkataraman@example.org,Khammam,2026-05-23
C00182,Nicholas Ramaswamy,gayathri88@example.net,Phusro,2024-07-19
C00183,Jyoti Narula,sahadarika@example.net,Kavali,2025-01-21
C00184,Charan Srinivasan,lajitadivan@example.net,Patna,2025-05-06
C00185,Rayaan Bahl,amurthy@example.org,Kurnool,2024-11-14
C00186,David Devi,ektasridhar@example.net,Satara,2026-06-19
C00187,Hema Pandya,veda33@example.com,Kamarhati,2026-06-03
C00188,Bhavya Johal,enadig@example.com,Tumkur,2024-01-11
C00189,Megha Pai,binabasak@example.com,Sri Ganganagar,2026-05-15
C00190,Varenya Kala,anikamagar@example.org,Tadepalligudem,2025-11-01
C00191,Xavier Bedi,virajben@example.org,Bathinda,2025-10-07
C00192,Laksh Ahluwalia,niharikasoni@example.com,Tumkur,2024-08-11
C00193,Gaurav Kata,gillomisha@example.org,Sikar,2025-12-21
C00194,Bimala Barad,misrahredhaan@example.com,Malda,2026-07-24
C00195,Krish Thaman,mmahajan@example.org,Ujjain,2025-10-22
C00196,Quincy Atwal,chakrika93@example.org,Purnia,2025-03-06
C00197,Nandini Chandran,logansood@example.com,Chennai,2024-06-07
C00198,Sanya Loke,chasmum99@example.org,Karimnagar,2025-09-11
C00199,Jagat Shroff,nathaniel68@example.net,Kochi,2025-07-15
C00200,Jhalak Kant,kiaansridhar@example.org,Medininagar,2024-10-06
C00201,Tejas Kota,vorasanya@example.net,Solapur,2026-05-08
C00202,David Tiwari,masongala@example.com,Bhiwandi,2025-08-29
C00203,Gavin Uppal,dbhakta@example.org,Sirsa,2025-04-27
C00204,Darika Bains,akumar@example.net,Adoni,2023-11-20
C00205,Hemangini Bhatt,biswasurmi@example.org,Alappuzha,2024-03-13
C00206,Osha Prasad,ysen@example.com,Panvel,2024-01-23
C00207,Jagat Gokhale,iwadhwa@example.net,Delhi,2025-11-18
C00208,Ubika Samra,pkarpe@example.com,Bhatpara,2024-06-23
C00209,Azad Saini,khoslasamuel@example.org,Hindupur,2023-10-09
C00210,Yash Basu,osarna@example.net,Pimpri-Chinchwad,2024-01-31
C00211,Vivaan Nagar,warjas42@example.net,Haridwar,2024-07-20
C00212,Parth Sane,wbatta@example.net,Loni,2024-08-08
C00213,Nilima Dixit,krisha28@example.com,Kamarhati,2024-07-20
C00214,Ubika Bhardwaj,jsaha@example.net,Munger,2024-05-19
C00215,Ganga Brar,fprabhakar@example.net,Faridabad,2024-06-16
C00216,Elijah Guha,varenyajoshi@example.com,Kanpur,2024-04-16
C00217,Jacob Srinivas,samarthranganathan@example.org,Ichalkaranji,2024-10-13
C00218,Darika Lal,yochana77@example.org,Imphal,2026-05-05
C00219,Dhriti Sachdev,kantmadhav@example.org,Begusarai,2026-05-27
C00220,Chakrika Dua,forumkarpe@example.com,Panchkula,2025-04-12
C00221,Aarini Suresh,ksharma@example.net,Gulbarga,2024-01-31
C00222,Qarin Bhargava,bordechanakya@example.org,Durgapur,2026-02-18
C00223,Ekansh Dora,kamdaryashasvi@example.com,Allahabad,2025-06-23
C00224,Vinaya Babu,walinisha@example.org,Bettiah,2025-10-12
C00225,Anay Thakkar,ggola@example.org,New Delhi,2024-03-26
C00226,Irya Loke,xbrar@example.com,Buxar,2024-05-20
C00227,Charita Buch,chandernidra@example.com,Suryapet,2025-01-23
C00228,Onveer Butala,psaraf@example.com,Dehri,2026-05-10
C00229,Siddharth Soman,chakradhar14@example.net,Mangalore,2026-05-21
C00230,Amol Johal,mitalibose@example.com,Phusro,2024-05-17
C00231,Garima Rajagopalan,farhantella@example.net,Meerut,2023-12-17
C00232,Faqid Oak,bnarain@example.net,Hospet,2025-02-07
C00233,Keya Sankaran,lajitachada@example.net,Shahjahanpur,2025-10-03
C00234,Amrita Dube,vdube@example.com,Karimnagar,2023-12-26
C00235,Darika Saxena,anamika12@example.org,Chinsurah,2024-12-25
C00236,Harshil Bal,pandyagirik@example.net,Kharagpur,2023-09-17
C00237,Lipika Chad,omkaarrai@example.org,Agartala,2024-07-21
C00238,Madhav Bhatnagar,radhikamajumdar@example.com,Karawal Nagar,2025-12-16
C00239,Zayan Koshy,dhayre@example.org,Avadi,2023-09-11
C00240,Gaurangi Rai,ria56@example.net,Dewas,2024-08-10
C00241,Varenya Murthy,mitalinagar@example.com,Ramgarh,2025-12-15
C00242,Krisha Mand,hpatla@example.net,Guntakal,2026-08-02
C00243,Avi Shenoy,rakshamanne@example.net,Alappuzha,2025-08-21
C00244,Chavvi Khurana,mitesh66@example.org,Khora ,2025-01-26
C00245,Yashawini Sahota,parsafrederick@example.org,Raichur,2024-02-28
C00246,Mugdha Narula,acherian@example.org,Korba,2025-03-01
C00247,Sanaya Prasad,xsheth@example.net,Hapur,2026-08-02
C00248,Henry Merchant,hchada@example.net,Karnal,2024-08-01
C00249,Samuel Verma,epall@example.org,Bidhannagar,2024-08-08
C00250,Chaitanya Contractor,ozaikbal@example.net,Latur,2025-03-07
C00251,Ganga Sandhu,zkata@example.com,Gaya,2025-07-17
C00252,Meghana Balakrishnan,shivanisanghvi@example.com,Kakinada,2024-04-10
C00253,Harsh Yadav,jasmitnanda@example.org,Raipur,2024-06-09
C00254,Dhriti Rama,wcomar@example.com,Tadipatri,2024-03-05
C00255,Frado Desai,jacob34@example.org,Dindigul,2025-09-12
C00256,Omya Devi,lsampath@example.com,Miryalaguda,2024-02-28
C00257,Logan Grover,shravya90@example.com,Shivpuri,2024-01-27
C00258,Yashasvi Talwar,aswamy@example.net,Unnao,2024-02-29
C00259,Thomas Master,maharajumang@example.net,Gulbarga,2025-12-14
C00260,Yasti Chowdhury,loyaljeevika@example.net,Gandhidham,2025-04-08
C00261,Harsh Kota,bachittar74@example.com,Bahraich,2026-03-14
C00262,Warjas Kadakia,priya29@example.org,Tiruppur,2026-01-09
C00263,Avni Yohannan,ekiyamaster@example.com,Kottayam,2026-07-20
C00264,Krishna Sabharwal,malhotrajonathan@example.net,Kulti,2024-02-06
C00265,Yug Ramaswamy,kdhar@example.net,Vijayanagaram,2024-10-07
C00266,Girik Rau,jyoti77@example.com,Tiruchirappalli,2025-10-22
C00267,Ishita Bhatnagar,bkamdar@example.org,Agartala,2024-08-13
C00268,Geetika De,roza@example.org,Navi Mumbai,2025-07-02
C00269,Amol Dash,ridhishan@example.org,Panihati,2026-07-31
C00270,Chasmum Dutt,girik54@example.org,Dehradun,2023-10-29
C00271,Vivaan Sanghvi,chandranaarav@example.org,Solapur,2024-01-23
C00272,Zilmil Saxena,anandhemal@example.org,Mira-Bhayandar,2025-01-25
C00273,Leela Chakraborty,chauhandhriti@example.com,Durgapur,2024-10-15
C00274,Luke Biswas,galaria@example.com,Saharanpur,2026-05-11
C00275,Teerth Chadha,deyjatin@example.net,Etawah,2026-06-26
C00276,Logan Kota,frado38@example.net,Indore,2026-02-23
C00277,Samesh Vasa,manyamerchant@example.net,Mathura,2025-02-12
C00278,Wridesh Tata,wableadvik@example.com,Mira-Bhayandar,2024-10-20
C00279,Jasmit Gera,bbora@example.net,Kanpur,2024-06-09
C00280,Darpan Rao,yachana66@example.net,Gwalior,2025-07-17
C00281,Arunima Chacko,farhan83@example.org,Katni,2025-05-21
C00282,Dayita Sarkar,dalbirkonda@example.org,Bhiwandi,2024-12-30
C00283,Dayamai Gill,aroralaksh@example.net,Ujjain,2025-02-14
C00284,Zansi Lad,kamyadate@example.net,Kochi,2025-12-04
C00285,Gautami Sanghvi,devansh49@example.net,Mehsana,2025-01-01
C00286,Christopher Tata,jhalakdugar@example.com,Chapra,2025-08-22
C00287,Vedant Upadhyay,basuadvik@example.org,Chittoor,2024-09-25
C00288,Praneel Banik,ukapur@example.org,Imphal,2024-06-19
C00289,Kashish Dar,golaudant@example.net,Rewa,2023-11-16
C00290,Barkha Mukhopadhyay,gabriel87@example.org,Kollam,2024-07-10
C00291,Xavier Shetty,wakeeta38@example.org,Chennai,2026-05-24
C00292,Viraj Pal,nayakaarav@example.net,Aizawl,2023-12-23
C00293,Oni Swamy,dharati@example.org,Ahmednagar,2026-04-17
C00294,Kashish Shanker,chandranyashasvi@example.org,Aurangabad,2025-05-26
C00295,Radhika De,bishakhalal@example.com,Khammam,2024-08-08
C00296,Vivaan Borde,labanchopra@example.org,Dehradun,2024-12-26
C00297,Niharika Dara,sarthak74@example.com,Jamshedpur,2023-12-09
C00298,Banjeet Kale,manbir13@example.com,Anand,2023-10-26
C00299,Abha Ghosh,ravelsneha@example.net,Bareilly,2025-01-08
C00300,Jairaj Arora,kapadiakalpit@example.org,Serampore,2025-09-04
