product_id,product_name,category,unit_price
P0001,Stand-alone attitude-oriented paradigm,Books,1757.94
P0002,Reverse-engineered empowering archive,Books,4197.21
P0003,Ameliorated asymmetric customer loyalty,Apparel,2178.25
P0004,Stand-alone leadingedge workforce,Electronics,10182.5
P0005,De-engineered background workforce,Sports,1394.48
P0006,Managed bottom-line analyzer,Beauty,572.59
P0007,Persistent actuating concept,Electronics,3356.92
P0008,Re-engineered intermediate success,Sports,9069.68
P0009,Object-based modular algorithm,Sports,3061.88
P0010,Multi-tiered systemic interface,Books,10549.44
P0011,Enhanced heuristic data-warehouse,Beauty,3383.79
P0012,Enterprise-wide even-keeled focus group,Sports,4244.32
P0013,Organized coherent alliance,Electronics,11405.99
P0014,Seamless regional pricing structure,Apparel,10501.98
P0015,Fully-configurable secondary frame,Home & Kitchen,4239.56
P0016,Proactive incremental neural-net,Apparel,14362.43
P0017,Polarized analyzing array,Home & Kitchen,1622.04
P0018,Grass-roots human-resource challenge,Beauty,1540.17
P0019,Operative dedicated project,Home & Kitchen,9095.12
P0020,Progressive dynamic product,Electronics,10972.73
P0021,Quality-focused 3rdgeneration implementation,Sports,1959.03
P0022,Universal heuristic matrices,Beauty,1273.2
P0023,Quality-focused zero tolerance matrix,Home & Kitchen,12457.96
P0024,Monitored non-volatile middleware,Sports,13293.12
P0025,Inverse human-resource flexibility,Home & Kitchen,8702.12
P0026,Enterprise-wide 4thgeneration functionalities,Books,1135.44
P0027,Right-sized directional algorithm,Books,3494.91
P0028,Vision-oriented even-keeled approach,Home & Kitchen,14779.79
P0029,Phased multi-tasking help-desk,Apparel,13010.47
P0030,Visionary optimal emulation,Beauty,4241.08
P0031,Diverse bandwidth-monitored encryption,Books,12528.08
P0032,Switchable disintermediate flexibility,Apparel,5615.07
P0033,Public-key user-facing approach,Apparel,10085.28
P0034,Virtual directional orchestration,Books,14056.09
P0035,Networked heuristic conglomeration,Books,1162.97
P0036,Enhanced disintermediate parallelism,Books,2649.14
P0037,Intuitive user-facing standardization,Books,3746.93
P0038,Multi-channeled optimizing algorithm,Beauty,5753.27
P0039,Triple-buffered tangible help-desk,Books,10353.3
P0040,Re-contextualized non-volatile circuit,Apparel,10300.44
P0041,Re-contextualized content-based workforce,Electronics,3512.05
P0042,Proactive needs-based function,Electronics,12094.99
P0043,Enhanced mobile alliance,Beauty,4088.61
P0044,Cross-group analyzing emulation,Apparel,13705.64
P0045,Robust directional adapter,Sports,13157.75
P0046,Progressive mission-critical ability,Home & Kitchen,3267.35
P0047,Managed reciprocal customer loyalty,Beauty,5994.31
P0048,De-engineered global structure,Books,6936.35
P0049,Enhanced fresh-thinking approach,Home & Kitchen,2179.63
P0050,Ameliorated client-server parallelism,Books,8463.95
P0051,Triple-buffered client-server time-frame,Home & Kitchen,11230.25
P0052,Customizable multi-tasking hierarchy,Beauty,13477.46
P0053,Compatible holistic strategy,Beauty,5493.11
P0054,Switchable hybrid parallelism,Apparel,7691.45
P0055,Cross-platform global framework,Electronics,11360.91
P0056,Inverse client-driven complexity,Electronics,2376.49
P0057,Upgradable intermediate utilization,Apparel,11901.77
P0058,Sharable mobile projection,Beauty,8986.09
P0059,Intuitive context-sensitive strategy,Beauty,5785.51
P0060,Realigned system-worthy pricing structure,Beauty,7983.33
