return_id,order_id,reason,return_date
R00001,O925712,Late delivery,2026-08-26
R00002,O000777,Defective,2026-08-09
R00003,O000107,Changed mind,2026-08-20
R00004,O001425,Wrong item,2026-08-08
R00005,O000875,Late delivery,2026-08-12
R00006,O000897,Defective,2026-08-23
R00007,O000754,Not as described,2026-08-06
R00008,O000895,Defective,2026-08-24
R00009,O000189,Late delivery,2026-08-31
R00010,O954141,Late delivery,2026-08-31
R00011,O001631,Defective,2026-08-14
R00012,O000512,Defective,2026-09-01
R00013,O000260,Changed mind,2026-08-31
R00014,O000090,Not as described,2026-08-03
R00015,O001342,Wrong item,2026-08-21
R00016,O000266,Late delivery,2026-08-30
R00017,O001347,Defective,2026-09-01
R00018,O000157,Not as described,2026-08-09
R00019,O000422,Changed mind,2026-08-19
R00020,O001654,Not as described,2026-08-31
R00021,O000452,Changed mind,2026-08-07
R00022,O000752,Late delivery,2026-08-25
R00023,O001339,Wrong item,2026-08-10
R00024,O000548,Not as described,2026-09-01
R00025,O001032,Defective,2026-08-08
R00026,O000842,Late delivery,2026-08-29
R00027,O000161,Wrong item,2026-08-05
R00028,O001067,Wrong item,2026-08-24
R00029,O001133,Wrong item,2026-08-22
R00030,O001485,Wrong item,2026-08-29
R00031,O930815,Changed mind,2026-08-16
R00032,O000930,Defective,2026-08-10
R00033,O904424,Not as described,2026-08-10
R00034,O000787,Not as described,2026-08-05
R00035,O000174,Defective,2026-08-10
R00036,O001249,Changed mind,2026-08-06
R00037,O000784,Changed mind,2026-08-03
R00038,O000460,Wrong item,2026-08-14
R00039,O001352,Changed mind,2026-08-24
R00040,O001353,Not as described,2026-09-01
R00041,O945587,Defective,2026-08-29
R00042,O001534,Not as described,2026-08-17
R00043,O000538,Late delivery,2026-08-14
R00044,O000057,Not as described,2026-08-19
R00045,O001273,Changed mind,2026-08-06
R00046,O001591,Defective,2026-08-17
R00047,O001134,Changed mind,2026-08-28
R00048,O001389,Not as described,2026-08-22
R00049,O001096,Changed mind,2026-08-23
R00050,O001473,Late delivery,2026-08-07
R00051,O000533,Wrong item,2026-08-05
R00052,O000958,Wrong item,2026-08-28
R00053,O000032,Not as described,2026-08-11
R00054,O000562,Defective,2026-08-12
R00055,O001568,Late delivery,2026-08-31
R00056,O001170,Changed mind,2026-08-05
R00057,O935949,Not as described,2026-08-08
R00058,O000514,Late delivery,2026-08-14
R00059,O940225,Late delivery,2026-08-24
R00060,O000542,Wrong item,2026-08-19
R00061,O000036,Changed mind,2026-08-29
R00062,O904850,Not as described,2026-08-05
R00063,O001140,Wrong item,2026-08-20
R00064,O001187,Defective,2026-08-21
R00065,O001250,Late delivery,2026-08-17
R00066,O000132,Changed mind,2026-08-03
R00067,O001557,Not as described,2026-08-31
R00068,O001014,Wrong item,2026-08-07
R00069,O000358,Wrong item,2026-08-29
R00070,O001344,Defective,2026-08-07
R00071,O001341,Defective,2026-08-06
R00072,O001038,Changed mind,2026-08-09
R00073,O000086,Late delivery,2026-08-08
R00074,O000125,Not as described,2026-08-23
R00075,O000034,Not as described,2026-08-24
R00076,O000092,Late delivery,2026-08-24
R00077,O000224,Defective,2026-08-10
R00078,O000232,Late delivery,2026-08-11
R00079,O000418,Not as described,2026-08-10
R00080,O001687,Changed mind,2026-08-04
R00081,O000874,Not as described,2026-08-20
R00082,O000669,Late delivery,2026-08-28
R00083,O000687,Changed mind,2026-08-07
R00084,O000768,Changed mind,2026-08-13
R00085,O000603,Late delivery,2026-08-15
R00086,O948274,Defective,2026-08-11
R00087,O000308,Late delivery,2026-08-22
R00088,O979827,Wrong item,2026-08-21
R00089,O001047,Late delivery,2026-08-08
R00090,O001460,Not as described,2026-08-03
R00091,O000776,Late delivery,2026-08-08
R00092,O995192,Wrong item,2026-08-11
R00093,O001330,Defective,2026-08-05
R00094,O000460,Late delivery,2026-08-28
R00095,O001177,Late delivery,2026-08-12
R00096,O001104,Defective,2026-08-14
R00097,O001081,Defective,2026-08-17
R00098,O001351,Late delivery,2026-08-22
R00099,O000650,Not as described,2026-08-05
R00100,O001179,Not as described,2026-08-19
R00101,O000674,Wrong item,2026-08-08
R00102,O000742,Wrong item,2026-08-29
R00103,O001521,Defective,2026-08-14
R00104,O000912,Changed mind,2026-08-16
R00105,O000721,Late delivery,2026-08-10
R00106,O000742,Changed mind,2026-08-16
R00107,O000920,Changed mind,2026-08-09
R00108,O001684,Wrong item,2026-08-11
R00109,O000502,Changed mind,2026-08-04
R00110,O001364,Wrong item,2026-08-25
R00111,O001618,Not as described,2026-08-23
R00112,O000242,Defective,2026-08-05
R00113,O001035,Wrong item,2026-08-13
R00114,O001296,Wrong item,2026-08-19
R00115,O000930,Defective,2026-09-01
R00116,O000858,Not as described,2026-08-20
R00117,O001457,Changed mind,2026-08-19
R00118,O000259,Defective,2026-08-28
R00119,O000050,Wrong item,2026-08-27
R00120,O000272,Late delivery,2026-08-15
R00121,O000795,Changed mind,2026-08-19
R00122,O000824,Late delivery,2026-08-29
R00123,O000601,Defective,2026-08-17
R00124,O001678,Not as described,2026-08-29
R00125,O001263,Defective,2026-08-17
R00126,O000093,Defective,2026-08-05
R00127,O000727,Changed mind,2026-08-30
R00128,O001292,Changed mind,2026-08-24
R00129,O000893,Not as described,2026-08-18
R00130,O001434,Wrong item,2026-08-30
R00131,O001483,Late delivery,2026-08-27
R00132,O001044,Defective,2026-08-23
R00133,O000016,Late delivery,2026-08-21
R00134,O001381,Changed mind,2026-08-06
R00135,O000899,Wrong item,2026-08-25
R00136,O001205,Not as described,2026-08-08
R00137,O000199,Wrong item,2026-09-01
R00138,O000699,Defective,2026-09-01
R00139,O001076,Late delivery,2026-08-27
R00140,O000874,Not as described,2026-08-06
R00141,O000653,Wrong item,2026-08-15
R00142,O000086,Wrong item,2026-09-01
R00143,O000570,Late delivery,2026-08-16
R00144,O000644,Defective,2026-09-01
R00145,O000340,Defective,2026-08-21
R00146,O000997,Changed mind,2026-08-28
R00147,O000347,Not as described,2026-08-10
R00148,O000532,Late delivery,2026-08-30
R00149,O000475,Not as described,2026-08-30
R00150,O000424,Late delivery,2026-08-05
R00151,O001534,Wrong item,2026-08-14
R00152,O905209,Late delivery,2026-08-14
R00153,O000400,Defective,2026-08-12
R00154,O001673,Defective,2026-08-11
R00155,O000578,Late delivery,2026-08-16
R00156,O000912,Late delivery,2026-08-29
R00157,O000930,Not as described,2026-08-26
R00158,O001467,Defective,2026-08-21
R00159,O000886,Changed mind,2026-08-18
R00160,O000281,Not as described,2026-08-15
R00161,O000239,Not as described,2026-08-15
R00162,O001513,Wrong item,2026-08-07
R00163,O000670,Wrong item,2026-08-20
R00164,O000566,Changed mind,2026-08-25
R00165,O001051,Defective,2026-08-31
R00166,O000645,Defective,2026-08-30
R00167,O001445,Late delivery,2026-08-19
R00168,O001144,Defective,2026-08-06
R00169,O001285,Defective,2026-08-11
R00170,O001201,Changed mind,2026-08-19
R00171,O000451,Wrong item,2026-08-13
R00172,O000311,Changed mind,2026-08-15
R00173,O000661,Changed mind,2026-08-14
R00174,O000407,Defective,2026-08-17
R00175,O001482,Wrong item,2026-08-21
R00176,O908816,Changed mind,2026-08-04
R00177,O000428,Wrong item,2026-08-11
R00178,O990175,Not as described,2026-08-07
R00179,O001293,Late delivery,2026-08-21
R00180,O000715,Changed mind,2026-08-23
R00136,O001205,Not as described,2026-08-08
R00169,O001285,Defective,2026-08-11
R00047,O001134,Changed mind,2026-08-28
R00077,O000224,Defective,2026-08-10
R00060,O000542,Wrong item,2026-08-19
R00075,O000034,Not as described,2026-08-24
